{"flutter":{"platforms":{"android":{"default":{"projectId":"accident-b76e0","appId":"1:976542714348:android:ba1abc7493d0cf60ad18c9","fileOutput":"android/app/google-services.json"}},"dart":{"lib/firebase_options.dart":{"projectId":"accident-b76e0","configurations":{"android":"1:976542714348:android:ba1abc7493d0cf60ad18c9","ios":"1:976542714348:ios:86f8fae9908ffea0ad18c9","web":"1:976542714348:web:a69836536371d13fad18c9"}}}}},"functions":[{"source":"functions","codebase":"default","ignore":["node_modules",".git","firebase-debug.log","firebase-debug.*.log","*.local"]}]}